VFD,skip,N,data size [byte],copy buffer size [byte],file block size [byte],memory boundary [byte],latency (write) [s],latency (read) [s],bandwidth (write) [byte/s],bandwidth (read) [byte/s],filename
gds-native,false,1024,3.686400e+04,16777216,4096,4096,1.222631e-03,2.292170e-04,3.015137e+07,1.608258e+08,dat/79d2b7ed-8f95-417a-ae07-74aeab7f6bda.h5
gds-native,false,2048,7.372800e+04,16777216,4096,4096,3.228180e-04,2.229130e-04,2.283888e+08,3.307479e+08,dat/1ef1dce3-f9f4-4e85-ac92-a8928ddc470e.h5
gds-native,false,4096,1.474560e+05,16777216,4096,4096,3.508180e-04,4.026580e-04,4.203205e+08,3.662066e+08,dat/6d5808ee-8fa9-4e48-bd1c-976a2df6c11e.h5
gds-native,false,8192,2.949120e+05,16777216,4096,4096,3.456970e-04,5.437780e-04,8.530939e+08,5.423390e+08,dat/48a0dc14-4548-47a5-8f21-7f856ab0afa8.h5
gds-native,false,16384,5.898240e+05,16777216,4096,4096,4.367380e-04,1.005283e-03,1.350521e+09,5.867243e+08,dat/d4202df8-03d2-4bbb-8653-962b69da2fb4.h5
gds-native,false,32768,1.179648e+06,16777216,4096,4096,5.026580e-04,1.310853e-03,2.346820e+09,8.999087e+08,dat/bc117fd1-30f2-4aa6-8490-05f152a9b588.h5
gds-native,false,65536,2.359296e+06,16777216,4096,4096,6.193310e-04,1.933191e-03,3.809427e+09,1.220415e+09,dat/aeefab54-0c11-4a93-a3f5-d7b95e9a23de.h5
gds-native,false,131072,4.718592e+06,16777216,4096,4096,9.167710e-04,3.313229e-03,5.146969e+09,1.424167e+09,dat/0d316743-edc6-4946-983a-567da5c341d2.h5
gds-native,false,262144,9.437184e+06,16777216,4096,4096,1.547910e-03,4.451409e-03,6.096727e+09,2.120044e+09,dat/59de1110-5b0e-45c6-9edf-dc121dab3775.h5
gds-native,false,524288,1.887437e+07,16777216,4096,4096,2.711818e-03,7.471708e-03,6.960042e+09,2.526112e+09,dat/09314d0f-9946-46a1-b8f8-28c34e83da97.h5
gds-native,false,1048576,3.774874e+07,16777216,4096,4096,5.089043e-03,1.325771e-02,7.417649e+09,2.847304e+09,dat/b94e3986-3e92-4276-bd2d-20371787dbc6.h5
gds-native,false,2097152,7.549747e+07,16777216,4096,4096,1.090702e-02,2.541379e-02,6.921918e+09,2.970729e+09,dat/bc7a3d63-fdb6-4b6a-855b-ae583aa3d56f.h5
gds-native,false,4194304,1.509949e+08,16777216,4096,4096,2.268985e-02,4.987023e-02,6.654737e+09,3.027757e+09,dat/ab12269f-39ea-4f77-9496-eeca1db475e4.h5
gds-native,false,8388608,3.019899e+08,16777216,4096,4096,4.571406e-02,9.916110e-02,6.606062e+09,3.045447e+09,dat/be000c62-f958-457f-99db-787c82e4309b.h5
gds-native,false,16777216,6.039798e+08,16777216,4096,4096,9.315392e-02,1.978644e-01,6.483676e+09,3.052494e+09,dat/6d569341-9f2c-4ee5-aff7-08a09dcdc9ba.h5
gds-native,false,33554432,1.207960e+09,16777216,4096,4096,1.502270e-01,3.790064e-01,8.040897e+09,3.187175e+09,dat/752746ec-345a-47f7-8674-59ee8440be1a.h5
gds-native,false,67108864,2.415919e+09,16777216,4096,4096,3.001713e-01,7.479611e-01,8.048469e+09,3.230006e+09,dat/d69048ed-43c6-4b9c-ac06-5d1d0270c736.h5
gds-native,false,134217728,4.831838e+09,16777216,4096,4096,5.976143e-01,1.534994e+00,8.085211e+09,3.147790e+09,dat/d29b2b20-6ff2-4cda-8f76-5b1bbf7e1340.h5
gds-compat,false,1024,3.686400e+04,16777216,4096,4096,3.154570e-04,2.224970e-04,1.168590e+08,1.656831e+08,dat/28b8b5c3-908b-4587-b239-61f924d57677.h5
gds-compat,false,2048,7.372800e+04,16777216,4096,4096,3.208650e-04,2.405130e-04,2.297789e+08,3.065448e+08,dat/59de7bc4-890d-4d74-bd8a-5a41c92ace60.h5
gds-compat,false,4096,1.474560e+05,16777216,4096,4096,3.102410e-04,4.368660e-04,4.752950e+08,3.375314e+08,dat/370c7c0e-7bf7-4a8e-ac51-636069632047.h5
gds-compat,false,8192,2.949120e+05,16777216,4096,4096,3.812820e-04,6.151060e-04,7.734748e+08,4.794491e+08,dat/b2baeea9-328b-4488-955d-3aff2d7a74cb.h5
gds-compat,false,16384,5.898240e+05,16777216,4096,4096,4.221460e-04,1.033572e-03,1.397204e+09,5.706656e+08,dat/8b56b840-daa3-4a69-86cc-9933752bf5c9.h5
gds-compat,false,32768,1.179648e+06,16777216,4096,4096,4.965140e-04,1.346630e-03,2.375860e+09,8.760001e+08,dat/17b057f3-16fa-49d3-aae0-69ea8149847f.h5
gds-compat,false,65536,2.359296e+06,16777216,4096,4096,6.788510e-04,1.979273e-03,3.475425e+09,1.192001e+09,dat/298eda33-eda9-402b-9404-d6881245a5b5.h5
gds-compat,false,131072,4.718592e+06,16777216,4096,4096,9.602610e-04,3.476080e-03,4.913864e+09,1.357446e+09,dat/9a66f939-0521-4d24-893d-2cf0be897cf4.h5
gds-compat,false,262144,9.437184e+06,16777216,4096,4096,1.594023e-03,4.598901e-03,5.920356e+09,2.052052e+09,dat/7a072c1b-c0f2-44d5-b21c-230f10a4b75d.h5
gds-compat,false,524288,1.887437e+07,16777216,4096,4096,2.764972e-03,7.516321e-03,6.826242e+09,2.511118e+09,dat/b2ecad41-2d7d-4546-95b2-be2ceae45cd6.h5
gds-compat,false,1048576,3.774874e+07,16777216,4096,4096,5.207511e-03,1.315481e-02,7.248902e+09,2.869577e+09,dat/904ea12e-74e6-4b13-b008-1158909428a5.h5
gds-compat,false,2097152,7.549747e+07,16777216,4096,4096,1.103723e-02,2.562011e-02,6.840254e+09,2.946805e+09,dat/7c3d3995-95f2-4fbd-842a-337f1e7f90ba.h5
gds-compat,false,4194304,1.509949e+08,16777216,4096,4096,2.292013e-02,5.036570e-02,6.587874e+09,2.997972e+09,dat/683f498a-cf98-4403-9b80-523090e1af0e.h5
gds-compat,false,8388608,3.019899e+08,16777216,4096,4096,4.637992e-02,9.929855e-02,6.511221e+09,3.041231e+09,dat/b16325e7-e378-43f7-8bf9-9ee39c5c1159.h5
gds-compat,false,16777216,6.039798e+08,16777216,4096,4096,9.280387e-02,1.973272e-01,6.508131e+09,3.060804e+09,dat/2170138c-604b-4d41-9d55-d1ac4da7b6f5.h5
gds-compat,false,33554432,1.207960e+09,16777216,4096,4096,1.507070e-01,3.825449e-01,8.015283e+09,3.157693e+09,dat/9ad7fa82-7e35-4e68-b5ab-3e6f5c4690fb.h5
gds-compat,false,67108864,2.415919e+09,16777216,4096,4096,3.005637e-01,7.750548e-01,8.037959e+09,3.117095e+09,dat/7e4aa52c-c8ea-48ce-b217-7e61d374745f.h5
gds-compat,false,134217728,4.831838e+09,16777216,4096,4096,5.921788e-01,1.536105e+00,8.159425e+09,3.145512e+09,dat/35d45bb0-9b9b-4b90-9bcf-546d43ef3efd.h5
sec2,false,1024,3.686400e+04,16777216,4096,4096,8.467200e-05,7.712000e-05,4.353741e+08,4.780083e+08,dat/408d4e3d-4a8b-4e83-9094-35372c6a88c0.h5
sec2,false,2048,7.372800e+04,16777216,4096,4096,9.136000e-05,7.574500e-05,8.070053e+08,9.733712e+08,dat/6a9eb275-410a-489a-9941-83c21d03b83e.h5
sec2,false,4096,1.474560e+05,16777216,4096,4096,1.079360e-04,3.588820e-04,1.366143e+09,4.108760e+08,dat/c1c4af09-481d-4ef3-8741-5292490774a9.h5
sec2,false,8192,2.949120e+05,16777216,4096,4096,1.336650e-04,5.159700e-04,2.206352e+09,5.715681e+08,dat/9e8c220b-ea5a-441e-888b-dcccf38b93be.h5
sec2,false,16384,5.898240e+05,16777216,4096,4096,1.696010e-04,8.398120e-04,3.477715e+09,7.023286e+08,dat/999af631-7f17-495e-a44a-7cd371581f5f.h5
sec2,false,32768,1.179648e+06,16777216,4096,4096,2.449940e-04,1.177029e-03,4.815008e+09,1.002225e+09,dat/a119da71-1fe3-4cf0-95f7-f72ae8d82f15.h5
sec2,false,65536,2.359296e+06,16777216,4096,4096,3.968980e-04,1.775592e-03,5.944338e+09,1.328738e+09,dat/cef34c42-4374-4c35-90e8-5c1c7cb7867f.h5
sec2,false,131072,4.718592e+06,16777216,4096,4096,7.053150e-04,3.051822e-03,6.690049e+09,1.546156e+09,dat/7d864349-d16a-4d6e-ada2-18b563bffb20.h5
sec2,false,262144,9.437184e+06,16777216,4096,4096,1.291366e-03,4.261396e-03,7.307908e+09,2.214576e+09,dat/7474f4bf-a14c-4836-8e8c-4c11e258b460.h5
sec2,false,524288,1.887437e+07,16777216,4096,4096,2.484524e-03,7.114241e-03,7.596774e+09,2.653040e+09,dat/30fb1577-4730-40d7-9744-991947a45440.h5
sec2,false,1048576,3.774874e+07,16777216,4096,4096,5.025624e-03,1.276707e-02,7.511254e+09,2.956727e+09,dat/6422fa8d-4015-4f04-ab55-5e7849d73ad0.h5
sec2,false,2097152,7.549747e+07,16777216,4096,4096,1.063307e-02,2.455704e-02,7.100249e+09,3.074372e+09,dat/9eec19e2-b74d-409f-b21d-00bcfb3d098c.h5
sec2,false,4194304,1.509949e+08,16777216,4096,4096,2.239710e-02,4.824902e-02,6.741720e+09,3.129492e+09,dat/7bbdb39a-ff41-4265-ab93-d27fc148d4c7.h5
sec2,false,8388608,3.019899e+08,16777216,4096,4096,4.568469e-02,9.437177e-02,6.610308e+09,3.200002e+09,dat/cbf1fe18-2b9e-4382-9bd4-ff159fa04935.h5
sec2,false,16777216,6.039798e+08,16777216,4096,4096,9.198769e-02,1.873821e-01,6.565876e+09,3.223252e+09,dat/26f05dcc-e6b9-40e4-bfa9-dea01d694b23.h5
sec2,false,33554432,1.207960e+09,16777216,4096,4096,1.486214e-01,3.724839e-01,8.127763e+09,3.242985e+09,dat/2a6e2f90-9867-43bf-b63b-862f97813a9e.h5
sec2,false,67108864,2.415919e+09,16777216,4096,4096,2.978209e-01,7.062703e-01,8.111987e+09,3.420672e+09,dat/0b0bfe81-d0e0-4337-a795-244b8a4bf6f2.h5
sec2,false,134217728,4.831838e+09,16777216,4096,4096,5.933950e-01,1.451814e+00,8.142701e+09,3.328139e+09,dat/a9074861-ec8a-4dfa-bbbd-b95b846fe8a1.h5
direct,false,1024,3.686400e+04,16777216,4096,4096,2.879690e-04,1.351370e-04,1.280138e+08,2.727898e+08,dat/6e9ceaa5-b677-4815-af94-3fc069dcae9f.h5
direct,false,2048,7.372800e+04,16777216,4096,4096,3.101140e-04,8.090920e-04,2.377448e+08,9.112437e+07,dat/ee017383-8720-4039-862b-82ddfd7bbf02.h5
direct,false,4096,1.474560e+05,16777216,4096,4096,3.423700e-04,5.249310e-04,4.306919e+08,2.809055e+08,dat/dc1aadc9-a349-4c7a-a7c2-310fd3814e24.h5
direct,false,8192,2.949120e+05,16777216,4096,4096,4.044180e-04,9.274610e-04,7.292257e+08,3.179778e+08,dat/ce119929-0152-437d-9790-ae2adc1766dc.h5
direct,false,16384,5.898240e+05,16777216,4096,4096,5.027870e-04,1.435399e-03,1.173109e+09,4.109129e+08,dat/9ce02ec7-1c54-4080-9577-070ffc1a0aa1.h5
direct,false,32768,1.179648e+06,16777216,4096,4096,7.093790e-04,1.894217e-03,1.662931e+09,6.227629e+08,dat/93a21a70-25ed-4669-a531-925220141820.h5
direct,false,65536,2.359296e+06,16777216,4096,4096,1.107941e-03,2.505932e-03,2.129442e+09,9.414844e+08,dat/dfc83885-907f-481e-92a2-8ddf2d3d6666.h5
direct,false,131072,4.718592e+06,16777216,4096,4096,1.849992e-03,3.301104e-03,2.550601e+09,1.429398e+09,dat/8197150c-e705-493d-8844-09670bb843fe.h5
direct,false,262144,9.437184e+06,16777216,4096,4096,3.489233e-03,4.871159e-03,2.704659e+09,1.937359e+09,dat/ed774b48-5121-476a-91b0-13d5c8bf1407.h5
direct,false,524288,1.887437e+07,16777216,4096,4096,7.637924e-03,7.870917e-03,2.471138e+09,2.397988e+09,dat/6f199efe-b464-4989-a6f8-36ab1f6021e5.h5
direct,false,1048576,3.774874e+07,16777216,4096,4096,1.712847e-02,1.404404e-02,2.203860e+09,2.687884e+09,dat/7a1d8163-e402-4508-afe4-0127bcfc1d8d.h5
direct,false,2097152,7.549747e+07,16777216,4096,4096,3.557412e-02,2.667696e-02,2.122258e+09,2.830063e+09,dat/f658fefd-66de-4550-bc89-3ac4e39287d7.h5
direct,false,4194304,1.509949e+08,16777216,4096,4096,7.260981e-02,5.219602e-02,2.079539e+09,2.892844e+09,dat/547149d3-7528-490f-9d74-08dbd81094f2.h5
direct,false,8388608,3.019899e+08,16777216,4096,4096,1.486275e-01,1.035404e-01,2.031858e+09,2.916638e+09,dat/88842b77-fda0-4b2a-8311-1d96f10b3007.h5
direct,false,16777216,6.039798e+08,16777216,4096,4096,2.994942e-01,2.061859e-01,2.016666e+09,2.929297e+09,dat/476e2247-ed39-40f6-89e1-b4397016f403.h5
direct,false,33554432,1.207960e+09,16777216,4096,4096,5.521578e-01,3.901480e-01,2.187707e+09,3.096157e+09,dat/abcbf6ac-81f1-4fa0-b939-8a727946766b.h5
direct,false,67108864,2.415919e+09,16777216,4096,4096,1.093684e+00,7.553291e-01,2.208973e+09,3.198498e+09,dat/b9ea3fba-b0a2-43f2-89e9-4161f7651867.h5
direct,false,134217728,4.831838e+09,16777216,4096,4096,2.218011e+00,1.579591e+00,2.178456e+09,3.058917e+09,dat/4e416a25-32c9-4497-9386-ca7a1e5d8d7c.h5
