VFD,skip,N,runs,data size [byte],copy buffer size [byte],file block size [byte],memory boundary [byte],latency (write) min [s],latency (write) max [s],latency (write) avg [s],latency (read) min [s],latency (read) max [s],latency (read) avg [s],bandwidth (write) min [byte/s],bandwidth (write) max [byte/s],bandwidth (write) avg [byte/s],bandwidth (read) min [byte/s],bandwidth (read) max [byte/s],bandwidth (read) avg [byte/s],latency (compute) min [s],latency (compute) max [s],latency (compute) avg [s],filename
gds-native,false,1024,3,3.686400e+04,16777216,4096,4096,1.813430e-04,3.136310e-04,2.333430e-04,1.837760e-04,1.956480e-04,1.889490e-04,1.175394e+08,2.032833e+08,1.579820e+08,1.884200e+08,2.005920e+08,1.951003e+08,9.152000e-06,1.113600e-05,1.017600e-05,dat/b4326d45-b516-4b6a-aeb0-839067e8665d.h5
gds-native,false,2048,3,7.372800e+04,16777216,4096,4096,2.029110e-04,2.765120e-04,2.308477e-04,1.816310e-04,1.971520e-04,1.879673e-04,2.666358e+08,3.633514e+08,3.193794e+08,3.739653e+08,4.059219e+08,3.922384e+08,9.440000e-06,1.187200e-05,1.063467e-05,dat/e18f9621-2f99-44f1-a811-9eca96c10626.h5
gds-native,false,4096,3,1.474560e+05,16777216,4096,4096,2.498870e-04,2.726390e-04,2.615673e-04,3.781120e-04,4.075190e-04,3.909647e-04,5.408471e+08,5.900907e+08,5.637401e+08,3.618383e+08,3.899797e+08,3.771594e+08,9.376000e-06,1.129600e-05,1.030400e-05,dat/8df5660d-b322-4900-b644-1ea65ccdb62b.h5
gds-native,false,8192,3,2.949120e+05,16777216,4096,4096,2.292480e-04,3.152630e-04,2.596473e-04,4.849590e-04,5.807670e-04,5.224950e-04,9.354475e+08,1.286432e+09,1.135818e+09,5.077974e+08,6.081174e+08,5.644303e+08,9.184000e-06,1.116800e-05,1.025067e-05,dat/d03dba60-ec1a-4d54-a9d0-d26df5a4a147.h5
gds-native,false,16384,3,5.898240e+05,16777216,4096,4096,2.559670e-04,3.356160e-04,3.049060e-04,9.464620e-04,9.892450e-04,9.610110e-04,1.757437e+09,2.304297e+09,1.934445e+09,5.962365e+08,6.231883e+08,6.137536e+08,1.040000e-05,1.347200e-05,1.174400e-05,dat/a697b663-8209-416a-a41b-e264f2992fdc.h5
gds-native,false,32768,3,1.179648e+06,16777216,4096,4096,3.032950e-04,4.016950e-04,3.402017e-04,1.216125e-03,1.291261e-03,1.248786e-03,2.936676e+09,3.889441e+09,3.467496e+09,9.135628e+08,9.700056e+08,9.446356e+08,9.984000e-06,1.177600e-05,1.073067e-05,dat/8b3e8f09-d7dc-43ad-926f-affea338accf.h5
gds-native,false,65536,3,2.359296e+06,16777216,4096,4096,4.709110e-04,4.733750e-04,4.719137e-04,1.878619e-03,2.056955e-03,1.983611e-03,4.983989e+09,5.010068e+09,4.999423e+09,1.146985e+09,1.255867e+09,1.189394e+09,9.472000e-06,1.171200e-05,1.038933e-05,dat/0a8ad102-d149-42d4-8294-6aa9a4bf47b3.h5
gds-native,false,131072,3,4.718592e+06,16777216,4096,4096,7.424940e-04,8.060460e-04,7.654380e-04,3.307257e-03,3.342328e-03,3.320451e-03,5.853998e+09,6.355057e+09,6.164565e+09,1.411768e+09,1.426739e+09,1.421069e+09,1.014400e-05,1.235200e-05,1.097600e-05,dat/efec49d5-7db5-4862-8fcc-296ec4701907.h5
gds-native,false,262144,3,9.437184e+06,16777216,4096,4096,1.201021e-03,1.306686e-03,1.237437e-03,4.104182e-03,4.418518e-03,4.291585e-03,7.222228e+09,7.857634e+09,7.626393e+09,2.135826e+09,2.299407e+09,2.198997e+09,1.062400e-05,1.328000e-05,1.168000e-05,dat/4a5fa3b8-5957-4b1b-9585-0a5eedb376c9.h5
gds-native,false,524288,3,1.887437e+07,16777216,4096,4096,1.950011e-03,2.044699e-03,1.989126e-03,6.789456e-03,7.345872e-03,7.144122e-03,9.230878e+09,9.679108e+09,9.488776e+09,2.569384e+09,2.779953e+09,2.641944e+09,1.283200e-05,1.462400e-05,1.344000e-05,dat/219d0c98-2cdb-4be1-9f3d-e9743de8b8e2.h5
gds-native,false,1048576,3,3.774874e+07,16777216,4096,4096,3.655032e-03,4.166295e-03,3.856130e-03,1.287383e-02,1.308922e-02,1.301427e-02,9.060505e+09,1.032788e+10,9.789279e+09,2.883957e+09,2.932208e+09,2.900564e+09,1.584000e-05,1.731200e-05,1.641600e-05,dat/4941faf4-4aa7-4b6a-ba93-cf49aeabd6ff.h5
gds-native,false,2097152,3,7.549747e+07,16777216,4096,4096,8.837068e-03,1.108062e-02,1.001265e-02,2.528791e-02,2.534241e-02,2.531873e-02,6.813473e+09,8.543272e+09,7.540209e+09,2.979096e+09,2.985516e+09,2.981883e+09,2.592000e-05,2.822400e-05,2.722133e-05,dat/ae3d098f-065a-4d5e-868d-39dd1aac7fab.h5
gds-native,false,4194304,3,1.509949e+08,16777216,4096,4096,2.245233e-02,2.384958e-02,2.332477e-02,4.982933e-02,5.011067e-02,4.997432e-02,6.331137e+09,6.725134e+09,6.473588e+09,3.013229e+09,3.030242e+09,3.021451e+09,4.128000e-05,4.320000e-05,4.243200e-05,dat/17f78fc5-08e0-4625-b63d-b36b82a11542.h5
gds-native,false,8388608,3,3.019899e+08,16777216,4096,4096,4.596687e-02,4.655452e-02,4.623058e-02,9.891411e-02,9.934749e-02,9.914597e-02,6.486801e+09,6.569729e+09,6.532253e+09,3.039734e+09,3.053052e+09,3.045912e+09,7.286300e-05,7.449600e-05,7.381300e-05,dat/a20f7e9b-7eaf-48a3-9a2d-1a0afb65f3f0.h5
gds-native,false,16777216,3,6.039798e+08,16777216,4096,4096,9.219214e-02,9.342462e-02,9.264939e-02,1.956228e-01,1.975515e-01,1.967381e-01,6.464889e+09,6.551315e+09,6.518983e+09,3.057328e+09,3.087472e+09,3.069968e+09,1.333430e-04,1.374080e-04,1.350610e-04,dat/34e93d27-fc3b-4f92-a4b8-c0cd7b44dfdf.h5
gds-native,false,33554432,3,1.207960e+09,16777216,4096,4096,1.402560e-01,1.427928e-01,1.411900e-01,3.908519e-01,3.938299e-01,3.920768e-01,8.459529e+09,8.612536e+09,8.555558e+09,3.067211e+09,3.090581e+09,3.080926e+09,1.027582e-03,1.075847e-02,6.659782e-03,dat/979b301e-95d9-45aa-85d5-1c828fe131bb.h5
gds-native,false,67108864,3,2.415919e+09,16777216,4096,4096,3.126561e-01,3.156789e-01,3.141012e-01,7.409882e-01,7.416541e-01,7.413113e-01,7.653091e+09,7.727081e+09,7.691530e+09,3.257474e+09,3.260402e+09,3.258981e+09,1.758460e-03,5.729737e-02,2.832852e-02,dat/6e739e5a-9ae2-4715-a1b3-ec0c8190e7e9.h5
gds-native,false,134217728,3,4.831838e+09,16777216,4096,4096,6.296399e-01,7.441327e-01,6.688773e-01,1.526258e+00,1.526964e+00,1.526514e+00,6.493248e+09,7.673971e+09,7.223803e+09,3.164343e+09,3.165806e+09,3.165275e+09,3.312888e-03,6.212479e-02,4.211759e-02,dat/e0494622-654f-4795-b91e-5aa6ded90355.h5
gds-compat,false,1024,3,3.686400e+04,16777216,4096,4096,1.844150e-04,2.814390e-04,2.302497e-04,2.001590e-04,2.098560e-04,2.043300e-04,1.309840e+08,1.998970e+08,1.601045e+08,1.756633e+08,1.841736e+08,1.804140e+08,9.631000e-06,1.302400e-05,1.089033e-05,dat/a4a36aa6-a054-4822-8a2c-c079db6bbe31.h5
gds-compat,false,2048,3,7.372800e+04,16777216,4096,4096,1.874880e-04,2.668160e-04,2.325650e-04,1.889600e-04,2.139510e-04,2.002233e-04,2.763253e+08,3.932412e+08,3.170210e+08,3.446023e+08,3.901778e+08,3.682288e+08,9.888000e-06,1.286400e-05,1.096533e-05,dat/c6d4dd0d-e1f2-41c6-b8f7-c0906c2d31e1.h5
gds-compat,false,4096,3,1.474560e+05,16777216,4096,4096,1.904640e-04,2.545920e-04,2.237543e-04,3.778870e-04,4.144950e-04,4.016630e-04,5.791855e+08,7.741935e+08,6.590085e+08,3.557486e+08,3.902119e+08,3.671137e+08,9.760000e-06,1.353600e-05,1.116800e-05,dat/2e08e89e-e4cc-4730-b691-1a669fe97f66.h5
gds-compat,false,8192,3,2.949120e+05,16777216,4096,4096,2.315200e-04,2.877110e-04,2.654500e-04,5.736950e-04,5.835830e-04,5.784843e-04,1.025029e+09,1.273808e+09,1.110989e+09,5.053471e+08,5.140571e+08,5.098012e+08,9.536000e-06,1.180800e-05,1.070933e-05,dat/5d3804ff-6980-4291-a2eb-77ec668cc987.h5
gds-compat,false,16384,3,5.898240e+05,16777216,4096,4096,3.156470e-04,3.286720e-04,3.226770e-04,9.665580e-04,1.030110e-03,1.007027e-03,1.794567e+09,1.868619e+09,1.827908e+09,5.725835e+08,6.102314e+08,5.857082e+08,1.008000e-05,1.334400e-05,1.133867e-05,dat/c5ad9529-b4e6-40a8-8085-11843291e5c8.h5
gds-compat,false,32768,3,1.179648e+06,16777216,4096,4096,3.120950e-04,3.874230e-04,3.427937e-04,1.170973e-03,1.278557e-03,1.235944e-03,3.044858e+09,3.779772e+09,3.441277e+09,9.226401e+08,1.007408e+09,9.544510e+08,9.856000e-06,1.225600e-05,1.109333e-05,dat/df7a7270-43a7-4306-8d24-c002e05844f3.h5
gds-compat,false,65536,3,2.359296e+06,16777216,4096,4096,4.194870e-04,5.142710e-04,4.649697e-04,1.826556e-03,2.274779e-03,2.034289e-03,4.587651e+09,5.624241e+09,5.074086e+09,1.037154e+09,1.291664e+09,1.159765e+09,9.600000e-06,1.184000e-05,1.070933e-05,dat/20d7e342-6a20-4862-9e5f-1c1953ea6f17.h5
gds-compat,false,131072,3,4.718592e+06,16777216,4096,4096,6.507830e-04,7.602870e-04,6.943777e-04,3.177081e-03,3.374808e-03,3.261017e-03,6.206330e+09,7.250638e+09,6.795426e+09,1.398181e+09,1.485197e+09,1.446970e+09,1.020800e-05,1.241600e-05,1.116800e-05,dat/49e0ba63-1d0a-4f44-9d6c-1c7e01ef4f70.h5
gds-compat,false,262144,3,9.437184e+06,16777216,4096,4096,1.116829e-03,1.236061e-03,1.157693e-03,4.237270e-03,4.426582e-03,4.362081e-03,7.634885e+09,8.449981e+09,8.151713e+09,2.131935e+09,2.227185e+09,2.163459e+09,1.062400e-05,1.484800e-05,1.249067e-05,dat/39cb09d6-eba8-4be9-a21e-bbbbdc57bd8e.h5
gds-compat,false,524288,3,1.887437e+07,16777216,4096,4096,2.018268e-03,2.140251e-03,2.072806e-03,7.007857e-03,7.426576e-03,7.221744e-03,8.818764e+09,9.351765e+09,9.105709e+09,2.541463e+09,2.693315e+09,2.613547e+09,1.212800e-05,1.443100e-05,1.311967e-05,dat/e165df2d-537a-497f-8d2d-6783c8299a58.h5
gds-compat,false,1048576,3,3.774874e+07,16777216,4096,4096,3.706328e-03,4.723701e-03,4.114988e-03,1.202397e-02,1.322378e-02,1.252192e-02,7.991347e+09,1.018494e+10,9.173474e+09,2.854610e+09,3.139456e+09,3.014611e+09,1.561600e-05,1.807900e-05,1.692767e-05,dat/45349f13-a886-4c32-b01a-97fc23d23138.h5
gds-compat,false,2097152,3,7.549747e+07,16777216,4096,4096,9.402186e-03,1.127578e-02,1.041523e-02,2.538119e-02,2.541876e-02,2.539881e-02,6.695542e+09,8.029779e+09,7.248758e+09,2.970148e+09,2.974544e+09,2.972480e+09,2.614400e-05,2.780700e-05,2.680500e-05,dat/1ff3b774-b868-4998-9e65-b9976e4883bb.h5
gds-compat,false,4194304,3,1.509949e+08,16777216,4096,4096,2.254344e-02,2.370206e-02,2.318650e-02,4.992725e-02,4.997701e-02,4.995253e-02,6.370541e+09,6.697956e+09,6.512193e+09,3.021288e+09,3.024299e+09,3.022769e+09,4.092800e-05,4.348800e-05,4.244267e-05,dat/0cd07cbd-1abe-4e47-ac05-739126e54d3e.h5
gds-compat,false,8388608,3,3.019899e+08,16777216,4096,4096,4.549625e-02,4.694687e-02,4.621780e-02,9.807290e-02,9.921203e-02,9.878969e-02,6.432588e+09,6.637687e+09,6.534061e+09,3.043884e+09,3.079239e+09,3.056897e+09,7.321600e-05,7.555200e-05,7.438933e-05,dat/2ea8049b-0789-46ab-88e6-3a7ac29f86cd.h5
gds-compat,false,16777216,3,6.039798e+08,16777216,4096,4096,9.131125e-02,9.305576e-02,9.224052e-02,1.958567e-01,1.971475e-01,1.965483e-01,6.490515e+09,6.614516e+09,6.547879e+09,3.063593e+09,3.083784e+09,3.072934e+09,1.329270e-04,1.368000e-04,1.349223e-04,dat/d13e58c9-e679-4291-ae4e-c266e67f93f3.h5
gds-compat,false,33554432,3,1.207960e+09,16777216,4096,4096,1.561596e-01,1.588668e-01,1.572575e-01,3.913908e-01,4.644025e-01,4.162493e-01,7.603601e+09,7.735417e+09,7.681410e+09,2.601105e+09,3.086326e+09,2.902010e+09,1.010685e-03,1.259482e-02,7.463119e-03,dat/a2163acd-5203-4ce2-84b1-ec508e1c98f4.h5
gds-compat,false,67108864,3,2.415919e+09,16777216,4096,4096,3.597558e-01,5.420895e-01,4.209070e-01,7.423946e-01,7.466254e-01,7.450165e-01,4.456680e+09,6.715442e+09,5.739793e+09,3.235785e+09,3.254225e+09,3.242772e+09,1.276445e-03,3.662699e-02,2.129182e-02,dat/37251122-4f97-442d-83f8-ddde7ebb75cb.h5
gds-compat,false,134217728,3,4.831838e+09,16777216,4096,4096,6.423706e-01,6.722960e-01,6.526669e-01,1.527542e+00,1.530832e+00,1.529177e+00,7.187069e+09,7.521885e+09,7.403222e+09,3.156348e+09,3.163145e+09,3.159764e+09,3.313785e-03,6.395269e-02,4.240175e-02,dat/bd3c8084-5545-409e-a931-4f82449c74cd.h5
sec2,false,1024,3,3.686400e+04,16777216,4096,4096,4.470400e-05,4.915200e-05,4.630367e-05,5.103900e-05,5.475100e-05,5.317267e-05,7.500000e+08,8.246242e+08,7.961357e+08,6.733028e+08,7.222712e+08,6.932885e+08,9.376000e-06,1.200000e-05,1.062400e-05,dat/98ecb56d-41d1-439f-9027-bb7725f22a8a.h5
sec2,false,2048,3,7.372800e+04,16777216,4096,4096,4.867200e-05,5.673600e-05,5.394133e-05,5.862400e-05,6.291200e-05,6.117300e-05,1.299492e+09,1.514793e+09,1.366818e+09,1.171923e+09,1.257642e+09,1.205238e+09,9.471000e-06,1.280000e-05,1.084767e-05,dat/967270b8-e2f7-4ee3-9e4d-dbbac617bfb2.h5
sec2,false,4096,3,1.474560e+05,16777216,4096,4096,6.230400e-05,6.752000e-05,6.474667e-05,1.120000e-04,4.507510e-04,3.043300e-04,2.183886e+09,2.366718e+09,2.277430e+09,3.271340e+08,1.316571e+09,4.845267e+08,9.696000e-06,1.331200e-05,1.123200e-05,dat/f5822a3a-e4cd-49ad-8284-f07e464a378a.h5
sec2,false,8192,3,2.949120e+05,16777216,4096,4096,7.852800e-05,8.800000e-05,8.256000e-05,3.778870e-04,5.055030e-04,4.565960e-04,3.351273e+09,3.755501e+09,3.572093e+09,5.834031e+08,7.804238e+08,6.458926e+08,9.888000e-06,1.206400e-05,1.088000e-05,dat/8d5a5c48-1d22-4e0d-93e5-cf5f4e768d66.h5
sec2,false,16384,3,5.898240e+05,16777216,4096,4096,1.073910e-04,1.116480e-04,1.096317e-04,8.014060e-04,9.459180e-04,8.748460e-04,5.282889e+09,5.492304e+09,5.380051e+09,6.235466e+08,7.359865e+08,6.742032e+08,9.248000e-06,1.123200e-05,1.026133e-05,dat/47102a71-f04d-495b-ba49-c918761aa8a0.h5
sec2,false,32768,3,1.179648e+06,16777216,4096,4096,1.576000e-04,1.860800e-04,1.702933e-04,1.109182e-03,1.128414e-03,1.118931e-03,6.339467e+09,7.485076e+09,6.927153e+09,1.045404e+09,1.063530e+09,1.054263e+09,9.888000e-06,1.200000e-05,1.067733e-05,dat/c90c1416-b66c-4076-bb57-b5c5845ded8b.h5
sec2,false,65536,3,2.359296e+06,16777216,4096,4096,2.622070e-04,3.197750e-04,2.883297e-04,1.799676e-03,2.070812e-03,1.955900e-03,7.377988e+09,8.997838e+09,8.182634e+09,1.139310e+09,1.310956e+09,1.206246e+09,9.824000e-06,1.286400e-05,1.105067e-05,dat/37a51ba8-ecdb-47ec-b8d7-17f41ae61f73.h5
sec2,false,131072,3,4.718592e+06,16777216,4096,4096,4.772790e-04,4.895990e-04,4.836253e-04,3.084665e-03,3.201049e-03,3.143566e-03,9.637667e+09,9.886444e+09,9.756710e+09,1.474077e+09,1.529693e+09,1.501031e+09,1.001600e-05,1.267200e-05,1.113600e-05,dat/0b588213-fb66-4503-9341-c5aca7c10a05.h5
sec2,false,262144,3,9.437184e+06,16777216,4096,4096,9.136950e-04,9.390700e-04,9.226863e-04,4.121688e-03,4.385206e-03,4.249751e-03,1.004950e+10,1.032859e+10,1.022794e+10,2.152050e+09,2.289641e+09,2.220644e+09,1.084800e-05,1.286400e-05,1.163733e-05,dat/b92acc34-ec3c-4a58-96f4-cf7ab8f7c052.h5
sec2,false,524288,3,1.887437e+07,16777216,4096,4096,1.786909e-03,1.828636e-03,1.810759e-03,6.638642e-03,7.091152e-03,6.916145e-03,1.032156e+10,1.056258e+10,1.042346e+10,2.661679e+09,2.843107e+09,2.729030e+09,1.225600e-05,1.510400e-05,1.352533e-05,dat/9773474c-a2e5-42ed-9d78-9d3b268c1236.h5
sec2,false,1048576,3,3.774874e+07,16777216,4096,4096,3.540281e-03,4.597750e-03,3.947906e-03,1.201821e-02,1.284938e-02,1.251967e-02,8.210263e+09,1.066264e+10,9.561710e+09,2.937787e+09,3.140961e+09,3.015153e+09,1.625600e-05,1.856000e-05,1.733333e-05,dat/b30af5e0-80a5-4ec3-aeb3-c8292af10ac8.h5
sec2,false,2097152,3,7.549747e+07,16777216,4096,4096,9.175053e-03,1.109108e-02,1.013911e-02,2.414152e-02,2.433429e-02,2.426597e-02,6.807044e+09,8.228560e+09,7.446160e+09,3.102514e+09,3.127287e+09,3.111249e+09,2.560000e-05,2.736000e-05,2.620800e-05,dat/1bc77315-9119-4276-ad4b-7f35869cd604.h5
sec2,false,4194304,3,1.509949e+08,16777216,4096,4096,2.212591e-02,2.336140e-02,2.280774e-02,4.825757e-02,4.828161e-02,4.827143e-02,6.463438e+09,6.824349e+09,6.620336e+09,3.127380e+09,3.128938e+09,3.128040e+09,4.112000e-05,4.460800e-05,4.280533e-05,dat/96fe3b7b-cf4a-4516-b27b-dbed6c700da5.h5
sec2,false,8388608,3,3.019899e+08,16777216,4096,4096,4.631064e-02,4.726753e-02,4.679687e-02,9.450325e-02,9.459458e-02,9.453643e-02,6.388950e+09,6.520962e+09,6.453206e+09,3.192465e+09,3.195550e+09,3.194429e+09,7.267200e-05,7.401600e-05,7.330133e-05,dat/d149abe4-30c3-4279-aedd-5d8da545bf65.h5
sec2,false,16777216,3,6.039798e+08,16777216,4096,4096,9.079417e-02,9.190898e-02,9.147938e-02,1.860616e-01,1.875491e-01,1.865662e-01,6.571499e+09,6.652187e+09,6.602360e+09,3.220383e+09,3.246128e+09,3.237348e+09,1.337600e-04,1.371840e-04,1.352317e-04,dat/5e485b9a-c694-4651-b1ff-4bb50a37ea1a.h5
sec2,false,33554432,3,1.207960e+09,16777216,4096,4096,1.568592e-01,1.581067e-01,1.576471e-01,3.714136e-01,3.723750e-01,3.719295e-01,7.640155e+09,7.700915e+09,7.662430e+09,3.243933e+09,3.252330e+09,3.247819e+09,1.010750e-03,1.084677e-02,6.799273e-03,dat/3fb27c6f-b228-4617-a920-8c703fe47336.h5
sec2,false,67108864,3,2.415919e+09,16777216,4096,4096,3.520523e-01,4.118204e-01,3.721514e-01,7.042586e-01,7.048898e-01,7.044970e-01,5.866439e+09,6.862386e+09,6.491765e+09,3.427371e+09,3.430443e+09,3.429282e+09,1.789661e-03,5.565897e-02,2.788551e-02,dat/7d5641d9-d1df-4e47-b5eb-0a7b39bb9cb5.h5
sec2,false,134217728,3,4.831838e+09,16777216,4096,4096,6.734941e-01,6.858617e-01,6.816494e-01,1.442592e+00,1.444366e+00,1.443734e+00,7.044916e+09,7.174284e+09,7.088451e+09,3.345301e+09,3.349415e+09,3.346765e+09,3.632857e-03,6.561674e-02,3.609726e-02,dat/ec57155a-71ac-490e-b27f-ea4dab33e0ca.h5
direct,false,1024,3,3.686400e+04,16777216,4096,4096,1.769590e-04,1.974400e-04,1.839783e-04,6.127670e-04,6.570540e-04,6.351133e-04,1.867099e+08,2.083194e+08,2.003714e+08,5.610498e+07,6.015990e+07,5.804318e+07,9.600000e-06,1.171200e-05,1.045333e-05,dat/b03461fb-aa25-4811-b228-beb54d7cc826.h5
direct,false,2048,3,7.372800e+04,16777216,4096,4096,1.955200e-04,2.008960e-04,1.989120e-04,4.679990e-04,7.959670e-04,6.706867e-04,3.669959e+08,3.770867e+08,3.706564e+08,9.262696e+07,1.575388e+08,1.099291e+08,9.376000e-06,1.241600e-05,1.054933e-05,dat/f7b6528d-5bc4-4b50-b785-d88539c8eae9.h5
direct,false,4096,3,1.474560e+05,16777216,4096,4096,2.249910e-04,2.356800e-04,2.289383e-04,5.159990e-04,9.141100e-04,7.762437e-04,6.256619e+08,6.553862e+08,6.440861e+08,1.613110e+08,2.857680e+08,1.899610e+08,1.088000e-05,1.708800e-05,1.411200e-05,dat/06dd56a0-3d15-4146-97cb-6ac331aaa56e.h5
direct,false,8192,3,2.949120e+05,16777216,4096,4096,2.851190e-04,3.015040e-04,2.921060e-04,7.975020e-04,1.127294e-03,1.014494e-03,9.781363e+08,1.034347e+09,1.009606e+09,2.616105e+08,3.697947e+08,2.906986e+08,9.440000e-06,1.187200e-05,1.058133e-05,dat/1c078384-b142-4f73-81b2-3b03f115b350.h5
direct,false,16384,3,5.898240e+05,16777216,4096,4096,3.758710e-04,3.923510e-04,3.847460e-04,1.264221e-03,1.505565e-03,1.394152e-03,1.503307e+09,1.569219e+09,1.533022e+09,3.917626e+08,4.665513e+08,4.230701e+08,9.408000e-06,1.180800e-05,1.056000e-05,dat/1638df8b-b366-47b6-bcbd-8c5c5bf8123a.h5
direct,false,32768,3,1.179648e+06,16777216,4096,4096,5.400310e-04,6.066230e-04,5.666230e-04,1.677981e-03,1.990365e-03,1.852743e-03,1.944615e+09,2.184408e+09,2.081892e+09,5.926792e+08,7.030163e+08,6.367034e+08,9.408000e-06,1.152000e-05,1.050667e-05,dat/7734ea9c-6fb0-40d1-90a3-4b3320ccaef1.h5
direct,false,65536,3,2.359296e+06,16777216,4096,4096,8.971830e-04,9.251820e-04,9.089370e-04,2.298332e-03,2.442971e-03,2.384113e-03,2.550089e+09,2.629671e+09,2.595665e+09,9.657487e+08,1.026525e+09,9.895908e+08,9.632000e-06,1.193600e-05,1.084800e-05,dat/9ba9bf43-96c7-4cb7-8465-68ff3bcd9f26.h5
direct,false,131072,3,4.718592e+06,16777216,4096,4096,1.599645e-03,2.167740e-03,1.796124e-03,2.973626e-03,3.284953e-03,3.179236e-03,2.176733e+09,2.949774e+09,2.627097e+09,1.436426e+09,1.586814e+09,1.484190e+09,9.824000e-06,1.276800e-05,1.111467e-05,dat/8fc96556-fa35-4481-aeed-7897129c4236.h5
direct,false,262144,3,9.437184e+06,16777216,4096,4096,4.295000e-03,4.571991e-03,4.451320e-03,4.319831e-03,4.881207e-03,4.686583e-03,2.064130e+09,2.197249e+09,2.120087e+09,1.933371e+09,2.184619e+09,2.013660e+09,1.107200e-05,1.344000e-05,1.202133e-05,dat/50e67567-f3d6-47c2-8f8d-ddce71400bcf.h5
direct,false,524288,3,1.887437e+07,16777216,4096,4096,8.715376e-03,9.452462e-03,9.143833e-03,7.220626e-03,8.024753e-03,7.700785e-03,1.996767e+09,2.165640e+09,2.064164e+09,2.352019e+09,2.613952e+09,2.450967e+09,1.219200e-05,1.424000e-05,1.301333e-05,dat/908089b3-b72a-40e4-8b37-5b1818f30e5a.h5
direct,false,1048576,3,3.774874e+07,16777216,4096,4096,1.741453e-02,2.158966e-02,1.887661e-02,1.313818e-02,1.400004e-02,1.368747e-02,1.748464e+09,2.167658e+09,1.999762e+09,2.696331e+09,2.873208e+09,2.757904e+09,1.651200e-05,1.772800e-05,1.702400e-05,dat/5ccc94e9-d547-46a5-89e6-f44b740c50c9.h5
direct,false,2097152,3,7.549747e+07,16777216,4096,4096,4.010015e-02,4.606343e-02,4.321203e-02,2.572139e-02,2.611976e-02,2.597179e-02,1.638989e+09,1.882723e+09,1.747140e+09,2.890435e+09,2.935202e+09,2.906903e+09,2.579200e-05,2.771200e-05,2.654933e-05,dat/0d8e8ceb-e0ed-49db-8c27-4dd1f1abbf1d.h5
direct,false,4194304,3,1.509949e+08,16777216,4096,4096,7.680526e-02,8.820457e-02,8.325115e-02,5.090429e-02,5.245075e-02,5.168004e-02,1.711872e+09,1.965945e+09,1.813728e+09,2.878795e+09,2.966252e+09,2.921727e+09,4.304000e-05,5.996800e-05,4.897067e-05,dat/e98d448a-7fd1-45ca-8791-d94884b7573c.h5
direct,false,8388608,3,3.019899e+08,16777216,4096,4096,1.453646e-01,1.481165e-01,1.470328e-01,1.020150e-01,1.044366e-01,1.032856e-01,2.038867e+09,2.077466e+09,2.053895e+09,2.891610e+09,2.960249e+09,2.923832e+09,7.440000e-05,7.542300e-05,7.485833e-05,dat/34cfedb1-5f9e-4f63-9643-4c6531d64f85.h5
direct,false,16777216,3,6.039798e+08,16777216,4096,4096,2.984593e-01,4.030088e-01,3.336979e-01,2.044883e-01,2.074634e-01,2.064485e-01,1.498676e+09,2.023659e+09,1.809960e+09,2.911259e+09,2.953615e+09,2.925571e+09,1.337280e-04,1.385920e-04,1.363090e-04,dat/4e377611-280e-4c70-8948-2f9dc102475d.h5
direct,false,33554432,3,1.207960e+09,16777216,4096,4096,5.704410e-01,7.232868e-01,6.398343e-01,4.084167e-01,4.138866e-01,4.116252e-01,1.670098e+09,2.117589e+09,1.887926e+09,2.918576e+09,2.957664e+09,2.934610e+09,1.028446e-03,1.050504e-02,6.592297e-03,dat/562c7cdd-81c4-4220-b1b3-780d9dba9a78.h5
direct,false,67108864,3,2.415919e+09,16777216,4096,4096,1.250895e+00,1.365245e+00,1.321858e+00,7.494286e-01,7.572825e-01,7.535912e-01,1.769586e+09,1.931352e+09,1.827669e+09,3.190248e+09,3.223681e+09,3.205875e+09,1.774237e-03,5.741257e-02,2.813480e-02,dat/14789a4c-4f20-465a-8017-ea73e72a1d98.h5
direct,false,134217728,3,4.831838e+09,16777216,4096,4096,2.456344e+00,2.565960e+00,2.512710e+00,1.571949e+00,1.579229e+00,1.575741e+00,1.883053e+09,1.967085e+09,1.922959e+09,3.059619e+09,3.073788e+09,3.066391e+09,3.311514e-03,6.398248e-02,4.213476e-02,dat/6bd20d21-ebdc-404c-aa57-acd4e349a6e9.h5
